code_type,ip,path,filename
java,10.1.10.84,/apps/tomcat-custom-instance,Ares-cms
java,10.1.10.84,/apps/tomcat-custom-instance,forseti
java,10.1.10.84,/apps/tomcat-custom-instance,logo_images
go,10.1.13.7,/apps/engine,clonebe
go,10.1.13.7,/apps/engine,clonefe
go,10.1.13.7,/apps/engine,elk
go,10.1.13.7,/apps/engine,octopus
go,10.1.13.7,/apps/engine,pan
java,10.1.10.47,/apps/tomcat-custom-instance,crius
java,10.1.10.47,/apps/tomcat-custom-instance,magic-tongtu
java,10.1.10.47,/apps/tomcat-custom-instance,oceanus
java,10.1.10.47,/apps/tomcat-custom-instance,tethys-user
go,10.1.13.253,/apps/engine,fixTools
go,10.1.13.253,/apps/engine,gaea
go,10.1.13.253,/apps/engine,grindstone
go,10.1.13.253,/apps/engine,hephaestus
go,10.1.13.253,/apps/engine,hera
go,10.1.13.253,/apps/engine,hermes
go,10.1.13.253,/apps/engine,kronos
go,10.1.13.253,/apps/engine,octopus
go,10.1.13.253,/apps/engine,plutus
go,10.1.13.253,/apps/engine,prometheus
go,10.1.13.253,/apps/engine,themis
go,10.1.13.253,/apps/engine,uranus
go,10.1.10.91,/apps/engine,pan
java,10.1.10.51,/apps/tomcat-custom-instance,magic-athena
java,10.1.10.51,/apps/tomcat-custom-instance,magic-hades
java,10.1.10.71,/apps/tomcat-custom-instance,ares-ananlysis
java,10.1.10.71,/apps/tomcat-custom-instance,jhipster-registry
java,10.1.10.71,/apps/tomcat-custom-instance,tethys-owner
java,10.1.10.71,/apps/tomcat-custom-instance,uaa
java,10.1.10.88,/apps/tomcat-custom-instance,Ares-analysis
java,10.1.10.88,/apps/tomcat-custom-instance,jhipster-registry
java,10.1.10.88,/apps/tomcat-custom-instance,jhipster-registry2
java,10.1.10.88,/apps/tomcat-custom-instance,uaa
java,10.1.10.67,/apps/tomcat-custom-instance,bc-account
java,10.1.10.67,/apps/tomcat-custom-instance,bc-config
java,10.1.10.67,/apps/tomcat-custom-instance,bc-notice
java,10.1.10.67,/apps/tomcat-custom-instance,bc-query
java,10.1.10.67,/apps/tomcat-custom-instance,metis
java,10.1.10.89,/apps/tomcat-custom-instance,maxim-lottery
java,10.1.10.89,/apps/tomcat-custom-instance,maxim-member
java,10.1.10.89,/apps/tomcat-custom-instance,maxim-payment
java,10.1.10.66,/apps/tomcat-custom-instance,crius
java,10.1.10.66,/apps/tomcat-custom-instance,magic-tongtu
java,10.1.10.66,/apps/tomcat-custom-instance,oceanus
java,10.1.10.66,/apps/tomcat-custom-instance,tethys-user
java,10.1.10.70,/apps/tomcat-custom-instance,h5-capitalrecord
java,10.1.10.70,/apps/tomcat-custom-instance,h5-config
java,10.1.10.70,/apps/tomcat-custom-instance,h5-user
java,10.1.10.70,/apps/tomcat-custom-instance,justitia
java,10.1.10.50,/apps/tomcat-custom-instance,h5-capitalrecord
java,10.1.10.50,/apps/tomcat-custom-instance,h5-config
java,10.1.10.50,/apps/tomcat-custom-instance,h5-user
java,10.1.10.50,/apps/tomcat-custom-instance,justitia
java,10.1.10.46,/apps/tomcat-custom-instance,crius
java,10.1.10.46,/apps/tomcat-custom-instance,magic-tongtu
java,10.1.10.46,/apps/tomcat-custom-instance,oceanus
java,10.1.10.46,/apps/tomcat-custom-instance,tethys-user
go,10.1.13.252,/apps/engine,2fa
go,10.1.13.252,/apps/engine,angelia
go,10.1.13.252,/apps/engine,ceres
go,10.1.13.252,/apps/engine,chaos
go,10.1.13.252,/apps/engine,chronus
go,10.1.13.252,/apps/engine,heidis
go,10.1.13.252,/apps/engine,hephaestus
go,10.1.13.252,/apps/engine,jupiter
go,10.1.13.252,/apps/engine,mars
go,10.1.13.252,/apps/engine,menoitios
go,10.1.13.252,/apps/engine,mercury
go,10.1.13.252,/apps/engine,selene
go,10.1.13.252,/apps/engine,toulouse
go,10.1.13.252,/apps/engine,venus
java,10.1.10.85,/apps/tomcat-custom-instance,Ares-account
java,10.1.10.85,/apps/tomcat-custom-instance,Ares-config
java,10.1.10.85,/apps/tomcat-custom-instance,Ares-platform
java,10.1.10.85,/apps/tomcat-custom-instance,risk-management
java,10.1.13.253,/apps/tomcat-custom-instance,hermes
java,10.1.13.253,/apps/tomcat-custom-instance,venus
java,10.1.10.77,/apps/tomcat-custom-instance,maxim-bet
java,10.1.10.77,/apps/tomcat-custom-instance,maxim-order
java,10.1.10.77,/apps/tomcat-custom-instance,thrift-gw
java,10.1.10.61,/apps/tomcat-custom-instance,magic-athena
java,10.1.10.61,/apps/tomcat-custom-instance,magic-hades
java,10.1.13.7,/apps/tomcat-custom-instance,Ares-statistics
java,10.1.13.7,/apps/tomcat-custom-instance,hermes
java,10.1.13.7,/apps/tomcat-custom-instance,venus
java,10.1.10.82,/apps/tomcat-custom-instance,Ares-payment
java,10.1.10.82,/apps/tomcat-custom-instance,Ares-statistics
java,10.1.10.82,/apps/tomcat-custom-instance,justitia
java,10.1.10.82,/apps/tomcat-custom-instance,magic-tools
java,10.1.10.57,/apps/tomcat-custom-instance,crius
java,10.1.10.57,/apps/tomcat-custom-instance,magic-tongtu
java,10.1.10.57,/apps/tomcat-custom-instance,oceanus
java,10.1.10.57,/apps/tomcat-custom-instance,tethys-user
java,10.1.10.56,/apps/tomcat-custom-instance,crius
java,10.1.10.56,/apps/tomcat-custom-instance,magic-tongtu
java,10.1.10.56,/apps/tomcat-custom-instance,oceanus
java,10.1.10.56,/apps/tomcat-custom-instance,tethys-user
go,10.1.13.254,/apps/engine,aaa
go,10.1.13.254,/apps/engine,fixTools
go,10.1.13.254,/apps/engine,gaea
go,10.1.13.254,/apps/engine,grindstone
go,10.1.13.254,/apps/engine,hephaestus
go,10.1.13.254,/apps/engine,hera
go,10.1.13.254,/apps/engine,hermes
go,10.1.13.254,/apps/engine,kronos
go,10.1.13.254,/apps/engine,octopus
go,10.1.13.254,/apps/engine,plutus
go,10.1.13.254,/apps/engine,prometheus
go,10.1.13.254,/apps/engine,themis
go,10.1.13.254,/apps/engine,tmp
go,10.1.13.254,/apps/engine,uranus
java,10.1.10.83,/apps/tomcat-custom-instance,Ares-cms
java,10.1.10.83,/apps/tomcat-custom-instance,forseti
java,10.1.10.83,/apps/tomcat-custom-instance,h5_lottery
java,10.1.10.83,/apps/tomcat-custom-instance,logo_images
java,10.1.13.6,/apps/tomcat-custom-instance,Ares-statistics
java,10.1.13.6,/apps/tomcat-custom-instance,hermes
java,10.1.13.6,/apps/tomcat-custom-instance,venus
java,10.1.10.60,/apps/tomcat-custom-instance,h5-capitalrecord
java,10.1.10.60,/apps/tomcat-custom-instance,h5-config
java,10.1.10.60,/apps/tomcat-custom-instance,h5-user
java,10.1.10.60,/apps/tomcat-custom-instance,justitia
java,10.1.10.76,/apps/tomcat-custom-instance,maxim-bet
java,10.1.10.76,/apps/tomcat-custom-instance,maxim-order
java,10.1.10.76,/apps/tomcat-custom-instance,thrift-gw
java,10.1.10.75,/apps/tomcat-custom-instance,forseti
java,10.1.10.75,/apps/tomcat-custom-instance,logo_images
java,10.1.10.75,/apps/tomcat-custom-instance,tethys-owner
java,10.1.10.55,/apps/tomcat-custom-instance,dubbo-admin
java,10.1.10.55,/apps/tomcat-custom-instance,dubbo-monitor-simple-2.5.3
java,10.1.10.55,/apps/tomcat-custom-instance,magic-cms
java,10.1.10.55,/apps/tomcat-custom-instance,magic-config
java,10.1.10.55,/apps/tomcat-custom-instance,magic-passport
java,10.1.10.55,/apps/tomcat-custom-instance,magic-photo
java,10.1.10.55,/apps/tomcat-custom-instance,magic-user
java,10.1.10.55,/apps/tomcat-custom-instance,magic-uuid
java,10.1.10.80,/apps/tomcat-custom-instance,h5-capitalrecord
java,10.1.10.80,/apps/tomcat-custom-instance,h5-config
java,10.1.10.80,/apps/tomcat-custom-instance,h5-user
java,10.1.10.80,/apps/tomcat-custom-instance,justitia
java,10.1.10.79,/apps/tomcat-custom-instance,maxim-lottery
java,10.1.10.79,/apps/tomcat-custom-instance,maxim-member
java,10.1.10.79,/apps/tomcat-custom-instance,maxim-payment
java,10.1.10.78,/apps/tomcat-custom-instance,maxim-cms
java,10.1.10.78,/apps/tomcat-custom-instance,maxim-config
java,10.1.10.78,/apps/tomcat-custom-instance,maxim-user
java,10.1.10.81,/apps/tomcat-custom-instance,Ares-analysis
java,10.1.10.81,/apps/tomcat-custom-instance,backup
java,10.1.10.81,/apps/tomcat-custom-instance,jhipster-registry
java,10.1.10.81,/apps/tomcat-custom-instance,oceanus
java,10.1.10.81,/apps/tomcat-custom-instance,uaa
java,10.1.10.81,/apps/tomcat-custom-instance,uaa_t
java,10.1.10.54,/apps/tomcat-custom-instance,dubbo-admin
java,10.1.10.54,/apps/tomcat-custom-instance,dubbo-monitor-simple-2.5.3
java,10.1.10.54,/apps/tomcat-custom-instance,magic-cms
java,10.1.10.54,/apps/tomcat-custom-instance,magic-config
java,10.1.10.54,/apps/tomcat-custom-instance,magic-passport
java,10.1.10.54,/apps/tomcat-custom-instance,magic-photo
java,10.1.10.54,/apps/tomcat-custom-instance,magic-user
java,10.1.10.54,/apps/tomcat-custom-instance,magic-uuid
java,10.1.10.74,/apps/tomcat-custom-instance,Ares-account
java,10.1.10.74,/apps/tomcat-custom-instance,tethys-owner
java,10.1.10.58,/apps/tomcat-custom-instance,bc-account
java,10.1.10.58,/apps/tomcat-custom-instance,bc-config
java,10.1.10.58,/apps/tomcat-custom-instance,bc-notice
java,10.1.10.58,/apps/tomcat-custom-instance,bc-query
java,10.1.10.58,/apps/tomcat-custom-instance,metis
go,10.1.10.93,/apps/engine,pan
go,10.1.13.251,/apps/engine,2fa
go,10.1.13.251,/apps/engine,ceres
go,10.1.13.251,/apps/engine,chaos
go,10.1.13.251,/apps/engine,chronus
go,10.1.13.251,/apps/engine,corymbus
go,10.1.13.251,/apps/engine,heidis
go,10.1.13.251,/apps/engine,jupiter
go,10.1.13.251,/apps/engine,mars
go,10.1.13.251,/apps/engine,menoitios
go,10.1.13.251,/apps/engine,selene
go,10.1.13.251,/apps/engine,toulouse
go,10.1.13.251,/apps/engine,venus
java,10.1.10.45,/apps/tomcat-custom-instance,dubbo-admin
java,10.1.10.45,/apps/tomcat-custom-instance,dubbo-monitor-simple-2.5.3
java,10.1.10.45,/apps/tomcat-custom-instance,magic-cms
java,10.1.10.45,/apps/tomcat-custom-instance,magic-config
java,10.1.10.45,/apps/tomcat-custom-instance,magic-passport
java,10.1.10.45,/apps/tomcat-custom-instance,magic-photo
java,10.1.10.45,/apps/tomcat-custom-instance,magic-user
java,10.1.10.45,/apps/tomcat-custom-instance,magic-uuid
java,10.1.10.86,/apps/tomcat-custom-instance,Ares-account
java,10.1.10.86,/apps/tomcat-custom-instance,Ares-config
java,10.1.10.86,/apps/tomcat-custom-instance,bak
java,10.1.10.86,/apps/tomcat-custom-instance,risk-management
java,10.1.10.90,/apps/tomcat-custom-instance,h5-capitalrecord
java,10.1.10.90,/apps/tomcat-custom-instance,h5-config
java,10.1.10.90,/apps/tomcat-custom-instance,h5-user
java,10.1.10.90,/apps/tomcat-custom-instance,justitia
java,10.1.10.49,/apps/tomcat-custom-instance,maxim-cms
java,10.1.10.49,/apps/tomcat-custom-instance,maxim-config
java,10.1.10.49,/apps/tomcat-custom-instance,maxim-user
java,10.1.10.65,/apps/tomcat-custom-instance,bc-account
java,10.1.10.65,/apps/tomcat-custom-instance,bc-config
java,10.1.10.65,/apps/tomcat-custom-instance,bc-notice
java,10.1.10.65,/apps/tomcat-custom-instance,bc-query
java,10.1.10.65,/apps/tomcat-custom-instance,metis
java,10.1.10.73,/apps/tomcat-custom-instance,forseti
java,10.1.10.73,/apps/tomcat-custom-instance,logo_images
java,10.1.10.73,/apps/tomcat-custom-instance,prizeNumber
java,10.1.10.73,/apps/tomcat-custom-instance,tethys-owner
java,10.1.10.72,/apps/tomcat-custom-instance,tethys-owner
java,10.1.10.64,/apps/tomcat-custom-instance,dubbo-admin
java,10.1.10.64,/apps/tomcat-custom-instance,dubbo-monitor-simple-2.5.3
java,10.1.10.64,/apps/tomcat-custom-instance,magic-cms
java,10.1.10.64,/apps/tomcat-custom-instance,magic-config
java,10.1.10.64,/apps/tomcat-custom-instance,magic-passport
java,10.1.10.64,/apps/tomcat-custom-instance,magic-photo
java,10.1.10.64,/apps/tomcat-custom-instance,magic-user
java,10.1.10.64,/apps/tomcat-custom-instance,magic-uuid
java,10.1.10.48,/apps/tomcat-custom-instance,bc-account
java,10.1.10.48,/apps/tomcat-custom-instance,bc-config
java,10.1.10.48,/apps/tomcat-custom-instance,bc-notice
java,10.1.10.48,/apps/tomcat-custom-instance,bc-query
java,10.1.10.48,/apps/tomcat-custom-instance,metis
java,10.1.10.91,/apps/tomcat-custom-instance,autorepairlotto
java,10.1.10.91,/apps/tomcat-custom-instance,forseti
java,10.1.10.91,/apps/tomcat-custom-instance,uaa
java,10.1.10.68,/apps/tomcat-custom-instance,bc-account
java,10.1.10.68,/apps/tomcat-custom-instance,bc-config
java,10.1.10.68,/apps/tomcat-custom-instance,bc-notice
java,10.1.10.68,/apps/tomcat-custom-instance,bc-query
java,10.1.10.68,/apps/tomcat-custom-instance,metis
java,10.1.10.87,/apps/tomcat-custom-instance,Ares-payment
java,10.1.10.87,/apps/tomcat-custom-instance,Ares-statistics
java,10.1.10.87,/apps/tomcat-custom-instance,justitia
java,10.1.10.44,/apps/tomcat-custom-instance,dubbo-admin
java,10.1.10.44,/apps/tomcat-custom-instance,dubbo-monitor-simple-2.5.3
java,10.1.10.44,/apps/tomcat-custom-instance,magic-cms
java,10.1.10.44,/apps/tomcat-custom-instance,magic-config
java,10.1.10.44,/apps/tomcat-custom-instance,magic-passport
java,10.1.10.44,/apps/tomcat-custom-instance,magic-photo
java,10.1.10.44,/apps/tomcat-custom-instance,magic-user
java,10.1.10.44,/apps/tomcat-custom-instance,magic-uuid
java,10.1.10.44,/apps/tomcat-custom-instance,tomcat-custom-instance
go,10.1.10.92,/apps/engine,pan
